{
  "ExtendedData": {
    "inputs": [
      "https://cwservices.carecorenational.com/CCNServices2/v1.2/generaldataservice.asmx"
    ],
    "collectionTypes": [
      "System.Array",
      "System.Collections.Generic.Dictionary`2"
    ],
    "namespaceMappings": [
      "*, GeneralDataService"
    ],
    "references": [
      "AutoMapper, {AutoMapper, 13.0.1}",
      "Dapper, {Dapper, 2.1.35}",
      "E:\\repos\\CareCoordination_Attachment\\Backend\\CareCoordination.Services\\bin\\Debug\\net9.0\\CareCoordination.Application.dll",
      "E:\\repos\\CareCoordination_Attachment\\Backend\\CareCoordination.Services\\bin\\Debug\\net9.0\\CareCoordination.Domain.dll",
      "Microsoft.AspNetCore.Authentication.Abstractions, {Microsoft.AspNetCore.Authentication.Abstractions, 2.3.0}",
      "Microsoft.AspNetCore.Authentication.Core, {Microsoft.AspNetCore.Authentication.Core, 2.3.0}",
      "Microsoft.AspNetCore.Authorization, {Microsoft.AspNetCore.Authorization, 2.3.0}",
      "Microsoft.AspNetCore.Authorization.Policy, {Microsoft.AspNetCore.Authorization.Policy, 2.3.0}",
      "Microsoft.AspNetCore.Hosting.Abstractions, {Microsoft.AspNetCore.Hosting.Abstractions, 2.3.0}",
      "Microsoft.AspNetCore.Hosting.Server.Abstractions, {Microsoft.AspNetCore.Hosting.Server.Abstractions, 2.3.0}",
      "Microsoft.AspNetCore.Http, {Microsoft.AspNetCore.Http, 2.3.0}",
      "Microsoft.AspNetCore.Http.Abstractions, {Microsoft.AspNetCore.Http.Abstractions, 2.3.0}",
      "Microsoft.AspNetCore.Http.Extensions, {Microsoft.AspNetCore.Http.Extensions, 2.3.0}",
      "Microsoft.AspNetCore.Http.Features, {Microsoft.AspNetCore.Http.Features, 2.3.0}",
      "Microsoft.AspNetCore.Mvc.Abstractions, {Microsoft.AspNetCore.Mvc.Abstractions, 2.3.0}",
      "Microsoft.AspNetCore.Mvc.Core, {Microsoft.AspNetCore.Mvc.Core, 2.3.0}",
      "Microsoft.AspNetCore.ResponseCaching.Abstractions, {Microsoft.AspNetCore.ResponseCaching.Abstractions, 2.3.0}",
      "Microsoft.AspNetCore.Routing, {Microsoft.AspNetCore.Routing, 2.3.0}",
      "Microsoft.AspNetCore.Routing.Abstractions, {Microsoft.AspNetCore.Routing.Abstractions, 2.3.0}",
      "Microsoft.AspNetCore.WebUtilities, {Microsoft.AspNetCore.WebUtilities, 2.3.0}",
      "Microsoft.DotNet.PlatformAbstractions, {Microsoft.DotNet.PlatformAbstractions, 2.1.0}",
      "Microsoft.Extensions.Caching.Abstractions, {Microsoft.Extensions.Caching.Abstractions, 9.0.0}",
      "Microsoft.Extensions.Caching.Memory, {Microsoft.Extensions.Caching.Memory, 9.0.0}",
      "Microsoft.Extensions.Configuration, {Microsoft.Extensions.Configuration, 9.0.0}",
      "Microsoft.Extensions.Configuration.Abstractions, {Microsoft.Extensions.Configuration.Abstractions, 9.0.0}",
      "Microsoft.Extensions.Configuration.Binder, {Microsoft.Extensions.Configuration.Binder, 9.0.0}",
      "Microsoft.Extensions.DependencyInjection, {Microsoft.Extensions.DependencyInjection, 9.0.0}",
      "Microsoft.Extensions.DependencyInjection.Abstractions, {Microsoft.Extensions.DependencyInjection.Abstractions, 9.0.0}",
      "Microsoft.Extensions.DependencyModel, {Microsoft.Extensions.DependencyModel, 2.1.0}",
      "Microsoft.Extensions.Diagnostics, {Microsoft.Extensions.Diagnostics, 9.0.0}",
      "Microsoft.Extensions.Diagnostics.Abstractions, {Microsoft.Extensions.Diagnostics.Abstractions, 9.0.0}",
      "Microsoft.Extensions.FileProviders.Abstractions, {Microsoft.Extensions.FileProviders.Abstractions, 8.0.0}",
      "Microsoft.Extensions.Hosting.Abstractions, {Microsoft.Extensions.Hosting.Abstractions, 8.0.1}",
      "Microsoft.Extensions.Http, {Microsoft.Extensions.Http, 9.0.0}",
      "Microsoft.Extensions.Logging, {Microsoft.Extensions.Logging, 9.0.0}",
      "Microsoft.Extensions.Logging.Abstractions, {Microsoft.Extensions.Logging.Abstractions, 9.0.0}",
      "Microsoft.Extensions.ObjectPool, {Microsoft.Extensions.ObjectPool, 8.0.11}",
      "Microsoft.Extensions.Options, {Microsoft.Extensions.Options, 9.0.0}",
      "Microsoft.Extensions.Options.ConfigurationExtensions, {Microsoft.Extensions.Options.ConfigurationExtensions, 9.0.0}",
      "Microsoft.Extensions.Primitives, {Microsoft.Extensions.Primitives, 9.0.0}",
      "Microsoft.IdentityModel.Logging, {Microsoft.IdentityModel.Logging, 6.8.0}",
      "Microsoft.IdentityModel.Protocols.WsTrust, {Microsoft.IdentityModel.Protocols.WsTrust, 6.8.0}",
      "Microsoft.IdentityModel.Tokens, {Microsoft.IdentityModel.Tokens, 6.8.0}",
      "Microsoft.IdentityModel.Tokens.Saml, {Microsoft.IdentityModel.Tokens.Saml, 6.8.0}",
      "Microsoft.IdentityModel.Xml, {Microsoft.IdentityModel.Xml, 6.8.0}",
      "Microsoft.Net.Http.Headers, {Microsoft.Net.Http.Headers, 2.3.0}",
      "Newtonsoft.Json, {Newtonsoft.Json, 13.0.3}",
      "System.AppContext, {System.AppContext, 4.1.0}",
      "System.Collections, {System.Collections, 4.3.0}",
      "System.Diagnostics.Debug, {System.Diagnostics.Debug, 4.3.0}",
      "System.Diagnostics.DiagnosticSource, {System.Diagnostics.DiagnosticSource, 8.0.1}",
      "System.Dynamic.Runtime, {System.Dynamic.Runtime, 4.0.11}",
      "System.Formats.Asn1, {System.Formats.Asn1, 6.0.0}",
      "System.IO, {System.IO, 4.3.0}",
      "System.IO.FileSystem, {System.IO.FileSystem, 4.3.0}",
      "System.IO.FileSystem.Primitives, {System.IO.FileSystem.Primitives, 4.3.0}",
      "System.Linq, {System.Linq, 4.1.0}",
      "System.Linq.Expressions, {System.Linq.Expressions, 4.1.0}",
      "System.ObjectModel, {System.ObjectModel, 4.0.12}",
      "System.Reflection, {System.Reflection, 4.3.0}",
      "System.Reflection.DispatchProxy, {System.Reflection.DispatchProxy, 4.7.1}",
      "System.Reflection.Primitives, {System.Reflection.Primitives, 4.3.0}",
      "System.Reflection.TypeExtensions, {System.Reflection.TypeExtensions, 4.1.0}",
      "System.Runtime, {System.Runtime, 4.3.0}",
      "System.Runtime.Extensions, {System.Runtime.Extensions, 4.3.0}",
      "System.Runtime.Handles, {System.Runtime.Handles, 4.3.0}",
      "System.Runtime.InteropServices, {System.Runtime.InteropServices, 4.3.0}",
      "System.Runtime.InteropServices.RuntimeInformation, {System.Runtime.InteropServices.RuntimeInformation, 4.0.0}",
      "System.Security.AccessControl, {System.Security.AccessControl, 6.0.0}",
      "System.Security.Cryptography.Cng, {System.Security.Cryptography.Cng, 4.5.0}",
      "System.Security.Cryptography.Pkcs, {System.Security.Cryptography.Pkcs, 6.0.1}",
      "System.Security.Cryptography.Xml, {System.Security.Cryptography.Xml, 6.0.1}",
      "System.Security.Principal.Windows, {System.Security.Principal.Windows, 5.0.0}",
      "System.ServiceModel.Duplex, {System.ServiceModel.Duplex, 6.0.0}",
      "System.ServiceModel.Federation, {System.ServiceModel.Federation, 6.0.0}",
      "System.ServiceModel.Http, {System.ServiceModel.Http, 6.0.0}",
      "System.ServiceModel.NetFramingBase, {System.ServiceModel.NetFramingBase, 6.0.0}",
      "System.ServiceModel.NetTcp, {System.ServiceModel.NetTcp, 6.0.0}",
      "System.ServiceModel.Primitives, {System.ServiceModel.Primitives, 6.0.0}",
      "System.ServiceModel.Security, {System.ServiceModel.Security, 6.0.0}",
      "System.Text.Encoding, {System.Text.Encoding, 4.3.0}",
      "System.Text.Encodings.Web, {System.Text.Encodings.Web, 8.0.0}",
      "System.Threading.Tasks, {System.Threading.Tasks, 4.3.0}",
      "System.Xml.ReaderWriter, {System.Xml.ReaderWriter, 4.3.0}",
      "System.Xml.XmlDocument, {System.Xml.XmlDocument, 4.3.0}"
    ],
    "targetFramework": "net9.0",
    "typeReuseMode": "All"
  }
}